name,max_SI,min_SI,max_TI,min_TI
AncientThought_s000,5.56914,1.93372,39.7256,1.10027
AncientThought_s001,5.32699,4.70113,13.316,1.69446
AncientThought_s002,42.5105,4.91818,20.9317,1.27243
AncientThought_s003,60.7713,42.5124,5.67573,1.39914
AncientThought_s004,44.0621,4.1272,2.5187,0.639303
AncientThought_s005,11.4095,5.56878,5.19169,2.28329
AncientThought_s006,11.4433,10.5133,5.41802,3.09373
AncientThought_s007,10.521,9.67113,3.97088,1.07086
AncientThought_s008,9.66165,6.88407,38.8037,0.868706
AncientThought_s009,10.0178,7.16352,63.186,0.879304
AncientThought_s010,11.2291,6.6629,67.676,2.07716
AncientThought_s011,10.6415,3.6781,10.4135,1.21044
AncientThought_s012,15.419,3.96593,33.3786,1.23985
AncientThought_s013,15.4458,7.85926,47.6524,1.0233
AncientThought_s014,10.6726,5.60231,41.953,2.5757
AncientThought_s015,10.1857,6.4829,52.5172,3.79055
AncientThought_s016,12.1719,10.1343,62.5098,2.74673
AncientThought_s017,12.9978,3.82426,25.66,2.40174
AncientThought_s018,9.71232,6.66627,23.7808,1.25976
AncientThought_s019,10.6088,6.35135,32.8496,0.81806
AncientThought_s020,11.3999,9.35462,5.29747,1.14788
AncientThought_s021,13.2277,5.23412,67.3523,1.68487
AncientThought_s022,5.29553,2.79681,54.6579,1.23734
AncientThought_s023,9.29844,3.19345,35.303,1.02754
AncientThought_s024,8.86909,5.05111,46.4287,1.10247
AncientThought_s025,8.32529,3.49677,44.2803,1.45132
AncientThought_s026,7.13126,3.70272,33.7115,0.925246
AncientThought_s027,6.20323,5.93904,32.0491,0.601559
AncientThought_s028,6.90607,4.56407,11.895,1.34492
AncientThought_s029,4.94221,4.43017,2.67554,0.648942
AncientThought_s030,78.27,4.04147,1.17815,0.0
AncientThought_s031,78.27,78.27,0.0,0.0
AncientThought_s032,95.4015,60.0114,1.1671,0.0
AncientThought_s033,95.4015,77.1514,1.65749,0.0
AncientThought_s034,74.5055,51.8361,1.68196,0.0
AncientThought_s035,62.198,30.4398,1.0294,0.0
AncientThought_s036,34.8976,15.5492,0.183987,0.0
Basketball_s000,21.5438,16.9327,31.4787,9.36429
Basketball_s001,21.0912,19.8128,13.5982,6.88131
Beauty_s000,15.3063,13.4463,19.8339,10.3549
Bosohorus_s000,17.8724,15.571,12.0059,9.08086
BundNightScape_s000,50.4258,47.771,11.1339,4.53315
BundNightScape_s001,49.6664,47.9508,11.0758,4.13078
Bunny_s000,24.1337,21.1451,16.0612,0.889476
Bunny_s001,25.3521,22.7605,16.3918,1.40148
Busy_City_s000,23.2905,0.0,31.293,1.49727
Busy_City_s001,33.5806,18.8422,22.0982,6.36078
Busy_City_s002,35.0602,26.2295,10.0583,3.73359
Busy_City_s003,25.2524,19.5165,3.34026,1.2427
Busy_City_s004,23.8856,19.3067,3.98358,1.62069
Busy_City_s005,21.072,16.1995,8.42389,1.95197
Busy_City_s006,19.3963,17.7822,9.38408,3.99342
Busy_City_s007,24.1693,10.9681,57.309,3.42368
Busy_City_s008,25.3312,16.1044,54.1111,5.31273
Busy_City_s009,17.7589,13.3315,7.53793,3.53205
Busy_City_s010,19.5285,16.7586,8.06606,4.05277
Busy_City_s011,20.6753,16.9876,8.78529,3.07875
Busy_City_s012,32.6925,16.5329,13.3987,1.24093
Busy_City_s013,31.9851,31.0965,11.5734,3.71844
Busy_City_s014,31.1683,22.2999,37.0198,8.01425
Busy_City_s015,25.2322,19.8757,39.2872,7.31576
Busy_City_s016,26.9403,18.5953,12.587,1.92946
Busy_City_s017,21.0857,19.0595,17.7298,3.36012
Busy_City_s018,41.0359,18.8626,20.3008,3.04607
Busy_City_s019,41.9012,40.9847,7.13048,5.11631
Busy_City_s020,42.2693,27.3663,17.7393,7.21377
Busy_City_s021,45.6278,24.5476,18.7405,2.06333
Busy_City_s022,29.6275,29.0362,5.00856,1.84979
Busy_City_s023,29.7469,21.5819,4.57653,2.01043
Busy_City_s024,30.6933,29.5313,5.14719,3.01106
CampfireParty_s000,43.8704,28.7258,35.8418,18.057
CampfireParty_s001,30.9916,24.9033,40.5403,22.234
Characters_s000,54.7436,51.1037,37.865,11.2883
Characters_s001,51.0312,42.7235,33.5784,14.0004
Childs_Play_s000,37.8077,0.0,25.405,0.442258
Childs_Play_s001,37.8061,23.3378,20.3606,0.899006
Childs_Play_s002,29.1353,22.4148,8.69241,1.50121
Childs_Play_s003,29.1276,19.4662,14.4077,5.95062
Childs_Play_s004,20.1251,18.6208,5.10277,0.553463
Childs_Play_s005,20.4563,17.7493,6.75924,1.3825
Childs_Play_s006,22.0513,18.7955,3.32184,1.44655
Childs_Play_s007,25.4649,19.8817,4.67888,1.25056
Childs_Play_s008,25.3922,25.0907,6.5404,0.776797
Childs_Play_s009,25.5263,19.2729,14.4018,1.38655
Childs_Play_s010,20.8188,19.528,14.804,8.0761
Childs_Play_s011,21.5045,19.9862,14.4949,5.78836
Childs_Play_s012,21.8435,18.9859,7.69054,0.435145
Childs_Play_s013,25.1866,19.5012,10.3168,0.488433
Childs_Play_s014,25.1521,24.3282,12.3668,6.55164
Childs_Play_s015,25.3625,24.5538,10.3355,3.00593
Childs_Play_s016,30.4957,23.281,10.2021,1.39896
Childs_Play_s017,30.3694,30.1121,1.77251,1.09399
Childs_Play_s018,30.2787,30.1226,1.20129,0.888462
CityAlley_s000,31.5149,30.8812,7.33745,2.82978
CityAlley_s001,33.6554,31.5218,7.5221,4.4615
ConstructionField_s000,30.2706,29.6712,9.46312,3.59336
ConstructionField_s001,30.3854,29.9876,11.2547,3.64764
Construction_s000,33.785,31.5257,25.6592,2.92297
Construction_s001,35.9557,33.7406,24.8611,6.00301
Crowd_s000,34.876,33.5848,24.0994,5.96719
Crowd_s001,34.2291,32.7134,14.9366,8.87719
Dolls_s000,17.1819,15.7299,19.3855,3.65228
Dolls_s001,19.817,15.193,28.2751,5.11662
Eldorado_s000,34.1169,3.43301,81.9115,1.89097
Eldorado_s001,53.3254,15.2485,89.303,3.37182
Eldorado_s002,53.3511,12.282,74.1448,1.54391
Eldorado_s003,58.35,13.9077,46.2847,1.56665
Eldorado_s004,64.7376,52.5556,28.2545,3.19122
Eldorado_s005,64.7511,53.9272,60.9752,2.51006
Eldorado_s006,58.5231,11.4857,69.4261,2.87608
Eldorado_s007,13.1662,8.76073,10.2116,5.14222
Eldorado_s008,13.4368,9.475,15.1419,6.6224
Eldorado_s009,12.1045,8.80241,32.0676,7.21287
Eldorado_s010,44.9846,11.0885,22.7677,0.0
Eldorado_s011,43.7425,33.8591,25.0357,0.0
Eldorado_s012,55.3517,42.6624,87.5937,0.0
Eldorado_s013,49.5892,31.2298,75.7469,2.77654
Eldorado_s014,32.1558,15.9725,67.8062,12.388
Eldorado_s015,19.4114,17.1301,14.9967,13.3346
Eldorado_s016,43.7737,15.2697,60.707,6.89284
Eldorado_s017,44.4845,42.1306,8.42926,6.4673
Eldorado_s018,43.2276,16.3145,85.8202,6.62753
Eldorado_s019,39.2403,20.2658,15.0538,9.4526
Eldorado_s020,40.3068,5.05781,65.4318,0.0
Eldorado_s021,28.7146,16.0929,50.489,0.0
Eldorado_s022,25.6804,21.4024,2.51327,1.50489
Eldorado_s023,26.0269,15.1826,50.3101,1.48853
Eldorado_s024,37.536,15.534,25.5852,9.69345
Eldorado_s025,36.202,28.2794,49.5613,13.9768
Eldorado_s026,29.8386,20.6511,39.9404,14.2122
Eldorado_s027,24.6971,18.1777,16.4528,13.7437
Eldorado_s028,27.0815,22.1588,16.8517,14.4139
Eldorado_s029,61.3739,19.8094,51.0675,15.1899
Eldorado_s030,68.0222,51.2843,55.1126,2.28985
Eldorado_s031,53.9782,52.2472,12.9592,10.6274
Eldorado_s032,55.5068,53.8204,11.3998,8.08454
Eldorado_s033,56.5009,6.75643,8.42655,0.929261
Eldorado_s034,86.4749,0.0,1.27887,0.0
Eldorado_s035,86.4749,0.0,1.27887,0.0
FlowerFocus_s000,10.414,8.76012,23.1635,3.97466
FlowerFocus_s001,10.8906,7.0685,27.7744,4.86845
FlowerKids_s000,33.1082,24.4896,25.8509,10.388
FlowerKids_s001,34.6754,25.9954,29.6684,10.9016
Flowers_s000,15.2285,11.0301,21.8338,6.45621
Flowers_s001,14.9963,5.60773,31.2482,6.77652
Fountains_s000,43.6473,42.7758,13.4856,11.2946
Fountains_s001,43.9152,43.0302,13.0703,11.2808
Fun_on_the_river_s000,31.2233,0.0,5.89135,1.46496
Fun_on_the_river_s001,26.4301,21.046,12.8328,4.98379
Fun_on_the_river_s002,23.4988,16.4889,12.1443,7.62398
Fun_on_the_river_s003,20.5172,19.1664,13.3307,9.21259
Fun_on_the_river_s004,30.3015,16.6281,12.3155,7.47563
Fun_on_the_river_s005,31.8847,28.7514,14.0766,11.5104
Fun_on_the_river_s006,31.6856,25.2464,17.9512,13.7792
Fun_on_the_river_s007,26.2142,18.0272,14.5798,8.70454
Fun_on_the_river_s008,24.4761,23.3771,11.696,10.4374
Fun_on_the_river_s009,24.3678,17.8669,17.3161,9.80223
Fun_on_the_river_s010,26.2712,19.9127,19.9795,14.3967
Fun_on_the_river_s011,26.5716,17.5382,17.3802,7.49784
Fun_on_the_river_s012,24.8329,24.055,9.63677,8.96288
Fun_on_the_river_s013,25.499,16.7098,14.4924,7.4824
Fun_on_the_river_s014,23.9639,20.1503,22.3226,14.3556
Fun_on_the_river_s015,28.5145,19.7459,17.4217,9.08089
Fun_on_the_river_s016,36.9865,29.3856,26.9626,17.2611
Fun_on_the_river_s017,34.7705,29.306,27.0792,13.6123
Fun_on_the_river_s018,28.6047,16.7267,16.8154,8.71357
Fun_on_the_river_s019,21.4061,17.1987,17.4164,11.3997
Fun_on_the_river_s020,23.4595,17.6801,16.2748,12.6065
Fun_on_the_river_s021,22.6079,15.5262,14.7318,5.50966
Fun_on_the_river_s022,22.7224,22.3263,6.58468,5.65845
Fun_on_the_river_s023,22.7847,16.5666,13.8894,5.63556
Fun_on_the_river_s024,22.27,20.6592,13.8815,12.3435
Fun_on_the_river_s025,24.3949,16.0438,13.5551,8.22439
Fun_on_the_river_s026,24.5246,23.2055,12.1441,10.8383
Fun_on_the_river_s027,24.3721,23.0647,11.5955,10.4638
Fun_on_the_river_s028,24.2103,13.5104,11.5116,6.2939
HoneyBee_s000,14.285,13.6274,5.1717,3.87872
Indoor_Soccer_s000,27.3125,0.0,65.8938,0.0281877
Indoor_Soccer_s001,62.776,20.4542,64.8129,3.99661
Indoor_Soccer_s002,62.4428,10.8606,71.4637,5.11174
Indoor_Soccer_s003,25.2659,12.2439,75.0889,12.7153
Indoor_Soccer_s004,23.1025,11.3255,51.2789,1.94479
Indoor_Soccer_s005,22.5768,11.6091,73.4399,10.6258
Indoor_Soccer_s006,23.9915,12.8338,60.7055,4.65443
Indoor_Soccer_s007,26.8725,8.72408,61.0129,12.5644
Indoor_Soccer_s008,23.1112,6.21532,60.81,9.12299
Indoor_Soccer_s009,22.898,5.69576,53.4875,1.37596
Indoor_Soccer_s010,31.3849,22.396,66.8381,4.01718
Indoor_Soccer_s011,31.6673,12.9552,16.203,5.28232
Indoor_Soccer_s012,33.1091,3.43318,54.5258,0.0
Indoor_Soccer_s013,28.8219,3.43318,42.3906,0.0
Indoor_Soccer_s014,25.4707,8.70032,49.028,15.9059
Indoor_Soccer_s015,28.6988,15.3245,50.7927,12.3819
Indoor_Soccer_s016,25.1123,16.6742,54.5009,9.93855
Indoor_Soccer_s017,27.2837,15.4699,47.5309,5.96151
Indoor_Soccer_s018,27.284,7.75946,53.0822,11.1172
Indoor_Soccer_s019,29.9919,9.52551,53.1026,0.0989927
Indoor_Soccer_s020,25.8504,15.4219,16.5545,5.47927
Indoor_Soccer_s021,29.5555,25.391,48.3505,5.19595
Indoor_Soccer_s022,27.5822,11.8391,56.6141,3.9347
Indoor_Soccer_s023,28.5024,7.98734,66.4925,5.40273
Indoor_Soccer_s024,21.1532,7.5331,45.8486,5.93349
Indoor_Soccer_s025,32.4231,7.83739,56.774,8.2685
Indoor_Soccer_s026,31.7737,29.7649,12.48,9.50648
Indoor_Soccer_s027,33.3759,29.1945,13.4705,6.02882
Indoor_Soccer_s028,33.5637,31.3432,20.152,7.45526
Indoor_Soccer_s029,33.2992,28.6828,12.9097,6.64608
Indoor_Soccer_s030,33.366,32.2361,8.9289,7.08441
Indoor_Soccer_s031,32.8468,11.121,44.535,4.41993
Indoor_Soccer_s032,26.0021,12.3076,42.1152,6.09647
Indoor_Soccer_s033,19.5489,11.3131,42.5989,9.83028
Indoor_Soccer_s034,19.4348,7.69529,53.513,3.68054
Indoor_Soccer_s035,28.1712,7.01999,55.3171,12.7549
Indoor_Soccer_s036,24.3648,22.8055,17.9435,15.2431
Indoor_Soccer_s037,31.621,22.5873,17.9858,9.41184
Indoor_Soccer_s038,32.0134,27.7455,14.2886,6.58244
Indoor_Soccer_s039,32.9286,24.8462,50.1811,5.10176
Indoor_Soccer_s040,31.4745,29.4703,16.7097,5.71057
Indoor_Soccer_s041,30.7876,11.7516,41.502,5.65118
Indoor_Soccer_s042,25.2988,10.4632,61.0193,7.64335
Indoor_Soccer_s043,17.1934,9.35342,9.60425,4.71685
Indoor_Soccer_s044,95.5031,3.43301,8.61572,0.0
Indoor_Soccer_s045,103.992,98.3298,1.14314,0.0
Indoor_Soccer_s046,104.002,63.5901,1.91048,0.0
Indoor_Soccer_s047,81.0063,81.0063,0.0,0.0
Indoor_Soccer_s048,81.014,3.43301,0.510801,0.0
Indoor_Soccer_s049,35.7248,20.7228,0.50732,0.0
Jockey_s000,19.5658,8.15246,49.1625,16.649
Lake_s000,42.2823,41.6992,16.4727,8.17098
Lake_s001,42.4516,41.7667,16.1938,11.558
Library_s000,42.569,40.3531,26.0021,3.14701
Library_s001,51.7517,40.887,28.2044,13.5674
Lifting_Off_s000,22.5022,0.0,2.21659,1.41872
Lifting_Off_s001,55.3055,18.8686,62.5776,1.71559
Lifting_Off_s002,55.3692,26.3255,60.9621,3.79727
Lifting_Off_s003,26.6244,21.7832,27.8837,11.4347
Lifting_Off_s004,25.0675,15.1364,48.3506,5.15673
Lifting_Off_s005,26.6615,25.0851,6.02274,5.06002
Lifting_Off_s006,26.6703,20.1449,52.3656,1.31171
Lifting_Off_s007,32.2829,19.9705,49.271,1.4983
Lifting_Off_s008,32.52,32.0611,4.70673,3.79753
Lifting_Off_s009,32.7185,32.2291,4.89377,3.35973
Lifting_Off_s010,36.2144,32.5369,49.5813,3.64974
Lifting_Off_s011,36.2145,35.751,5.11606,3.80305
Lifting_Off_s012,36.0385,35.3484,5.49767,4.06066
Lifting_Off_s013,35.7184,30.6236,49.8235,3.51599
Lifting_Off_s014,31.0044,30.1554,6.26881,2.63027
Lifting_Off_s015,30.785,30.2698,4.97892,2.11549
Lifting_Off_s016,30.7937,16.2644,54.7369,1.71986
Lifting_Off_s017,16.2421,13.9885,18.1009,5.6138
Lifting_Off_s018,14.8822,12.1656,13.6367,3.74275
Lifting_Off_s019,15.2409,13.4537,12.3378,4.07314
Lifting_Off_s020,21.4561,14.1412,44.549,1.79085
Lifting_Off_s021,21.4049,21.0481,3.17783,1.64815
Lifting_Off_s022,22.6179,20.8189,2.42823,1.50168
Lifting_Off_s023,23.0134,15.7241,2.73665,1.12746
Lifting_Off_s024,22.9369,22.6984,2.10064,1.72327
Lifting_Off_s025,22.8233,22.6021,2.58942,2.07488
Lifting_Off_s026,31.6507,22.7857,52.3008,2.45437
Lifting_Off_s027,31.4135,31.0334,2.76872,2.33461
Lifting_Off_s028,31.3972,31.1798,2.74184,2.25852
Lifting_Off_s029,31.3273,30.9366,2.62624,2.10786
Lifting_Off_s030,31.3985,30.9577,2.93226,2.35568
Lifting_Off_s031,36.1215,31.1052,53.7973,2.45075
Lifting_Off_s032,36.1942,35.698,4.23113,3.74172
Lifting_Off_s033,35.9274,35.707,4.48887,4.01175
Lifting_Off_s034,36.0155,26.8438,52.8695,2.15665
Lifting_Off_s035,27.2428,26.9127,3.35835,2.48362
Lifting_Off_s036,27.1613,26.9883,3.25816,2.22453
Lifting_Off_s037,87.3791,3.43301,2.58196,0.0
Lifting_Off_s038,87.3791,3.43301,1.29063,0.0
Lifting_Off_s039,35.7297,31.0036,0.508909,0.0
Maples_s000,63.3594,50.0972,48.8514,20.0074
Maples_s001,60.1827,49.2662,50.3697,35.6828
Marathon_s000,40.5198,38.0689,25.021,15.8204
Marathon_s001,40.8417,38.2022,23.2567,15.3394
Nature_in_the_city_s000,29.9077,0.0,2.679,1.60112
Nature_in_the_city_s001,35.2468,26.2412,3.89467,2.34136
Nature_in_the_city_s002,35.2008,20.5146,3.72104,0.430118
Nature_in_the_city_s003,34.3825,20.4614,3.54119,0.532582
Nature_in_the_city_s004,34.5284,18.3921,3.38113,0.707332
Nature_in_the_city_s005,27.2723,17.4149,2.98324,0.106905
Nature_in_the_city_s006,37.7503,22.8704,7.46462,0.374515
Nature_in_the_city_s007,38.9871,37.4355,11.2822,2.8626
Nature_in_the_city_s008,39.0438,37.6163,11.5326,4.25632
Nature_in_the_city_s009,37.7911,23.3304,10.3316,0.838992
Nature_in_the_city_s010,30.7531,20.8228,2.41516,0.640155
Nature_in_the_city_s011,27.3318,24.3423,3.32213,1.20218
Nature_in_the_city_s012,38.1484,24.068,2.49775,0.729864
Nature_in_the_city_s013,38.1201,38.0437,1.45765,0.769286
Nature_in_the_city_s014,38.0973,25.2563,4.4907,0.907566
Nature_in_the_city_s015,30.2939,30.0592,4.63388,2.51705
Nature_in_the_city_s016,30.183,22.4287,5.26754,0.624269
Nature_in_the_city_s017,25.4378,25.3245,0.84549,0.546155
Nature_in_the_city_s018,31.2004,23.9278,3.83297,0.475179
Nature_in_the_city_s019,31.2396,30.9666,4.36804,3.50489
Nature_in_the_city_s020,31.288,27.2795,4.47571,3.30188
Nature_in_the_city_s021,41.3148,27.6783,3.77312,2.96902
Nature_in_the_city_s022,41.3768,29.3411,3.41501,1.19675
Nature_in_the_city_s023,37.0886,18.1822,5.46339,0.807123
Nature_in_the_city_s024,18.9523,18.3436,5.72132,0.534535
Nature_in_the_city_s025,20.1698,17.5462,6.26899,0.690894
Nature_in_the_city_s026,20.704,18.0441,2.91633,0.480459
Nature_in_the_city_s027,22.6886,19.369,4.47359,0.733289
Nature_in_the_city_s028,28.3975,23.1066,3.43954,1.25584
Park_s000,23.0153,22.1429,15.4396,7.39644
Park_s001,22.9567,22.237,11.9,5.52464
RaceNight_s000,32.8216,25.6238,27.5832,19.3295
RaceNight_s001,31.0847,18.8892,42.7065,24.0304
ReadySetGo_s000,46.114,23.4713,62.0788,21.3821
ResidentialBuilding_s000,53.6124,50.9732,24.8638,2.96487
ResidentialBuilding_s001,51.0338,49.7455,26.4512,15.8897
RiverBank_s000,54.1138,51.5974,16.1787,11.9903
RiverBank_s001,56.4071,54.1514,17.0961,12.3653
Runners_s000,51.3947,50.1061,25.437,14.4209
Runners_s001,50.8637,48.5107,32.0232,13.6469
RushHour_s000,30.968,26.6161,26.877,14.359
RushHour_s001,31.5849,27.7236,24.5928,12.9967
Scarf_s000,40.7168,10.6439,38.8986,2.66835
Secounds_That_Count_s000,36.2163,0.0,61.8829,1.08567
Secounds_That_Count_s001,45.3014,19.191,67.7096,7.13131
Secounds_That_Count_s002,46.3985,3.43301,33.7023,0.0
Secounds_That_Count_s003,60.4401,46.3985,1.62275,0.0
Secounds_That_Count_s004,60.5026,4.00851,0.872481,0.0
Secounds_That_Count_s005,34.1408,3.43301,2.12086,0.0
Secounds_That_Count_s006,34.2525,8.67324,64.5161,0.0
Secounds_That_Count_s007,35.2448,14.8741,54.5995,3.54911
Secounds_That_Count_s008,18.8632,4.46618,61.8535,5.55987
Secounds_That_Count_s009,39.003,6.24769,58.6963,5.8147
Secounds_That_Count_s010,16.1449,7.74367,59.3566,3.89612
Secounds_That_Count_s011,36.9323,3.9165,62.1498,5.63148
Secounds_That_Count_s012,36.9289,34.3562,8.98893,3.96472
Secounds_That_Count_s013,38.7562,9.95809,60.2946,4.17747
Secounds_That_Count_s014,38.6983,38.2441,6.78672,1.72511
Secounds_That_Count_s015,38.5194,7.15918,60.8991,2.99884
Secounds_That_Count_s016,38.7128,11.0213,63.5413,1.97424
Secounds_That_Count_s017,38.7798,8.94378,60.1091,1.63328
Secounds_That_Count_s018,38.1213,17.4338,70.0259,5.10138
Secounds_That_Count_s019,37.2504,30.918,11.7145,6.15774
Secounds_That_Count_s020,65.2694,3.43301,45.0501,0.740739
Secounds_That_Count_s021,65.5576,58.7396,5.49459,1.70906
Secounds_That_Count_s022,54.9571,3.43301,35.5997,0.0
Secounds_That_Count_s023,33.6469,18.6415,59.2485,9.85577
Secounds_That_Count_s024,36.1847,16.5016,61.252,4.68388
Secounds_That_Count_s025,27.8103,17.8864,62.5656,3.96099
Secounds_That_Count_s026,27.8445,14.092,73.261,2.59477
Secounds_That_Count_s027,28.9643,12.9421,62.3738,2.54326
Secounds_That_Count_s028,28.3068,24.551,56.2676,3.12314
Secounds_That_Count_s029,32.1938,18.7421,74.6343,4.1819
Secounds_That_Count_s030,29.4396,18.5177,71.9118,4.2485
Secounds_That_Count_s031,30.9904,16.4994,71.8511,3.66805
Secounds_That_Count_s032,30.9513,27.826,60.6422,1.45864
Secounds_That_Count_s033,57.7171,3.43301,43.9021,0.817237
Secounds_That_Count_s034,57.8631,43.5541,10.51,2.14706
Secounds_That_Count_s035,43.2118,3.43301,17.0078,0.0
Secounds_That_Count_s036,51.6186,43.2118,0.412219,0.0
Secounds_That_Count_s037,51.6186,10.3049,62.074,0.0
Secounds_That_Count_s038,32.9604,12.0826,61.9365,5.68477
Secounds_That_Count_s039,26.4789,8.58154,51.9757,0.0
Secounds_That_Count_s040,46.6863,26.4296,55.5652,0.932321
Secounds_That_Count_s041,47.1266,45.6968,15.2312,1.84969
Secounds_That_Count_s042,46.0122,8.78285,71.273,7.22089
Secounds_That_Count_s043,22.4293,12.514,51.0867,12.0227
Secounds_That_Count_s044,30.3347,19.302,13.2063,1.01744
Secounds_That_Count_s045,30.4954,12.2546,40.056,1.02531
Secounds_That_Count_s046,58.6284,13.2589,19.4639,1.72173
Secounds_That_Count_s047,61.7322,12.2657,25.3344,3.95103
Secounds_That_Count_s048,34.0567,6.68976,4.18724,0.0
Secounds_That_Count_s049,34.0908,8.60275,0.544528,0.0
Secounds_That_Count_s050,39.1187,3.43301,44.7614,0.0
Secounds_That_Count_s051,30.5086,16.1542,57.7835,2.2858
Secounds_That_Count_s052,30.6272,27.4611,69.1668,1.98884
Secounds_That_Count_s053,27.8914,20.4469,6.8332,4.70136
Secounds_That_Count_s054,37.2001,3.43301,4.81964,0.0
Secounds_That_Count_s055,82.1089,3.43301,1.24403,0.0
Secounds_That_Count_s056,84.8151,84.8151,0.0,0.0
Secounds_That_Count_s057,84.8151,84.8151,0.0,0.0
Secounds_That_Count_s058,97.6524,63.8376,1.89013,0.0
Secounds_That_Count_s059,97.6524,97.6524,0.0,0.0
Secounds_That_Count_s060,97.6616,60.606,1.75172,0.0
Secounds_That_Count_s061,76.4899,76.4899,0.0,0.0
Secounds_That_Count_s062,76.497,3.43301,1.13809,0.0
Secounds_That_Count_s063,35.7248,12.7607,0.510801,0.0
Skateboarding_s000,17.0685,0.0,45.3245,1.23591
Skateboarding_s001,27.5651,17.0506,59.4875,1.23582
Skateboarding_s002,40.0918,17.7098,51.204,3.78956
Skateboarding_s003,40.1442,18.6117,54.9504,1.34767
Skateboarding_s004,23.8993,17.0108,58.8038,1.51117
Skateboarding_s005,67.9471,3.43301,41.7359,0.0
Skateboarding_s006,67.9471,50.0933,58.5966,0.0
Skateboarding_s007,50.0933,20.2492,71.1712,0.0
Skateboarding_s008,41.7013,34.6177,68.4814,3.52438
Skateboarding_s009,41.7129,40.0118,13.7284,5.05236
Skateboarding_s010,40.6233,12.5046,72.0263,7.03136
Skateboarding_s011,38.0398,9.07745,66.881,3.55581
Skateboarding_s012,32.719,16.1303,79.5737,6.09699
Skateboarding_s013,22.2629,17.079,75.1362,21.6523
Skateboarding_s014,22.0602,19.1798,37.2932,18.5234
Skateboarding_s015,37.8898,21.7853,70.6337,14.3718
Skateboarding_s016,40.5032,5.55471,57.5729,5.71927
Skateboarding_s017,21.7102,5.7012,48.6663,2.01765
Skateboarding_s018,21.6617,18.8941,14.9861,2.98408
Skateboarding_s019,28.3769,17.8643,49.3173,1.89698
Skateboarding_s020,26.098,12.9273,17.3359,8.62585
Skateboarding_s021,39.0289,14.1401,62.9933,2.4644
Skateboarding_s022,30.3617,13.2351,40.6231,7.58182
Skateboarding_s023,16.3757,13.5345,9.13476,6.62993
Skateboarding_s024,16.9269,12.9381,20.6459,8.3834
Skateboarding_s025,17.8386,13.2405,20.7892,12.8104
Skateboarding_s026,18.1479,15.3892,36.0475,8.86341
Skateboarding_s027,19.0048,14.3171,22.2347,10.3985
Skateboarding_s028,20.6932,16.1557,21.5171,11.0356
Skateboarding_s029,18.6292,9.53539,19.8122,9.75479
Skateboarding_s030,20.5366,12.4144,41.0585,10.2771
Skateboarding_s031,19.2937,10.7635,26.2214,10.6113
Skateboarding_s032,37.5346,7.0862,35.4495,1.86053
Skateboarding_s033,37.7942,27.8709,47.9818,1.77031
Skateboarding_s034,28.263,23.4724,16.9629,3.28791
Skateboarding_s035,27.9954,24.4509,13.9765,2.50662
Skateboarding_s036,27.9556,17.0664,49.3572,1.53295
Skateboarding_s037,17.9305,16.7745,17.5021,6.00328
Skateboarding_s038,29.507,17.0744,39.382,1.78076
Skateboarding_s039,29.5285,28.4558,11.9124,1.85157
Skateboarding_s040,29.5177,24.918,14.8684,5.34206
Skateboarding_s041,37.5979,24.074,45.4891,1.68619
Skateboarding_s042,37.6489,36.8093,11.6894,2.54901
Skateboarding_s043,42.7406,20.5696,61.5048,1.80394
Skateboarding_s044,20.6227,12.8776,32.7109,1.31069
Skateboarding_s045,13.573,12.4421,20.7286,1.24065
Skateboarding_s046,13.937,11.967,17.8207,1.31414
Skateboarding_s047,13.145,11.754,12.9055,1.15348
Skateboarding_s048,12.8073,10.9326,7.82803,1.3899
Skateboarding_s049,53.691,3.43301,3.67274,0.499082
Skateboarding_s050,94.4774,56.7042,1.38033,0.0
Skateboarding_s051,94.4866,3.43301,1.38265,0.0
Skateboarding_s052,66.6464,66.6464,0.0,0.0
Skateboarding_s053,66.6524,3.43301,0.991435,0.0
Skateboarding_s054,35.7297,9.52888,0.513841,0.0
TallBuildings_s000,64.4554,63.7057,16.9382,2.80885
TallBuildings_s001,64.5756,63.6864,20.5869,10.3555
TrafficAndBuilding_s000,44.0285,42.2222,19.1296,7.64814
TrafficAndBuilding_s001,43.526,42.544,11.724,6.17758
TrafficFlow_s000,34.8845,33.4078,20.5942,13.068
TrafficFlow_s001,33.9788,32.3424,18.5123,12.4353
TreeShade_s000,53.1432,52.4486,9.3068,3.85326
TreeShade_s001,53.1251,52.4181,9.18083,3.16263
Unspoken_Friend_s000,30.2264,0.0,47.2572,0.0281877
Unspoken_Friend_s001,30.3178,27.119,18.3214,4.92304
Unspoken_Friend_s002,38.5864,28.7002,58.6065,2.00814
Unspoken_Friend_s003,38.4582,10.2149,51.3833,8.67619
Unspoken_Friend_s004,48.1195,7.26458,39.14,1.2826
Unspoken_Friend_s005,47.6694,18.3708,46.4094,1.08616
Unspoken_Friend_s006,27.2323,16.0791,70.4704,1.08582
Unspoken_Friend_s007,21.4579,14.8261,67.4609,1.27605
Unspoken_Friend_s008,39.171,12.5405,72.4428,13.3728
Unspoken_Friend_s009,34.4222,12.4836,55.398,7.03026
Unspoken_Friend_s010,19.8279,12.2389,50.6944,7.32704
Unspoken_Friend_s011,16.0791,13.6304,12.4101,4.91345
Unspoken_Friend_s012,17.5421,14.3494,13.6273,4.94893
Unspoken_Friend_s013,27.253,8.80581,70.6283,8.44085
Unspoken_Friend_s014,22.295,9.98002,79.3397,6.83627
Unspoken_Friend_s015,24.3104,20.4204,19.1491,14.2471
Unspoken_Friend_s016,23.5922,19.6698,15.8074,11.1443
Unspoken_Friend_s017,25.3958,23.0533,15.4845,12.3062
Unspoken_Friend_s018,31.1702,24.9394,61.0414,8.3868
Unspoken_Friend_s019,28.4472,25.3666,61.8458,3.98931
Unspoken_Friend_s020,31.0831,24.1056,15.5191,7.08362
Unspoken_Friend_s021,24.3472,17.5921,21.5007,14.967
Unspoken_Friend_s022,19.1275,14.9767,23.8293,18.2311
Unspoken_Friend_s023,18.3916,14.4192,21.4601,11.1468
Unspoken_Friend_s024,18.8845,8.179,59.6031,8.37584
Unspoken_Friend_s025,26.2886,7.69148,58.3518,6.74354
Unspoken_Friend_s026,28.6352,7.43793,53.4058,1.23149
Unspoken_Friend_s027,24.6871,19.1721,21.2397,17.047
Unspoken_Friend_s028,26.5069,22.1119,21.8175,18.7219
Unspoken_Friend_s029,26.557,23.575,23.1038,19.8312
Unspoken_Friend_s030,30.4237,18.3469,50.9293,12.8933
Unspoken_Friend_s031,31.115,22.4223,21.3358,6.60944
Unspoken_Friend_s032,33.288,13.2445,25.2541,9.66775
Unspoken_Friend_s033,32.7417,10.4618,27.4462,12.4892
Unspoken_Friend_s034,20.0629,4.24116,47.0917,6.59076
Unspoken_Friend_s035,18.4466,15.9181,12.4421,8.55591
Unspoken_Friend_s036,18.8354,16.1292,12.0686,8.87421
Unspoken_Friend_s037,21.5706,18.6132,50.687,6.19979
Unspoken_Friend_s038,23.7533,18.0411,51.8305,0.0
Unspoken_Friend_s039,27.349,18.7888,50.9903,0.0
Unspoken_Friend_s040,30.3004,21.3003,38.6815,8.13524
Unspoken_Friend_s041,22.0362,19.6724,10.4118,9.66592
Unspoken_Friend_s042,21.7076,20.2106,10.6064,9.84829
Unspoken_Friend_s043,22.1077,19.9626,10.6312,9.86647
Unspoken_Friend_s044,28.004,20.0915,38.5676,6.37638
Unspoken_Friend_s045,92.0105,3.43301,18.3652,0.0
Unspoken_Friend_s046,92.0105,92.0105,0.0,0.0
Unspoken_Friend_s047,92.0105,59.6954,1.68941,0.0
Unspoken_Friend_s048,78.455,78.455,0.0,0.0
Unspoken_Friend_s049,78.4631,3.43301,1.16381,0.0
Unspoken_Friend_s050,35.7248,8.35851,0.510801,0.0
Wood_s000,85.1417,72.1465,47.6106,3.0156
Wood_s001,72.29,68.6514,50.8371,37.4832
YachtRide_s000,35.485,23.4694,26.8262,15.6116
