Name,bitrate_QP37,bitrate_QP32,bitrate_QP27,bitrate_QP22
AncientThought_s000,829.81,1707.43,5222.85,15181.25
AncientThought_s001,302.0,734.05,3276.52,11972.09
AncientThought_s002,533.03,1179.68,3847.87,12148.39
AncientThought_s003,1543.89,3082.4,7344.71,17946.91
AncientThought_s004,609.94,1222.35,2926.5,7472.92
AncientThought_s005,194.8,320.82,675.22,1855.56
AncientThought_s006,250.85,416.4,863.31,2364.03
AncientThought_s007,226.83,365.87,763.62,2209.7
AncientThought_s008,395.32,669.53,1350.48,3357.25
AncientThought_s009,321.91,706.45,5313.7,25863.36
AncientThought_s010,466.03,897.96,3014.03,11232.06
AncientThought_s011,407.23,725.89,1570.03,4350.71
AncientThought_s012,331.03,623.64,1493.4,4376.24
AncientThought_s013,647.26,1142.54,2353.13,5605.5
AncientThought_s014,506.16,888.36,1862.29,4422.8
AncientThought_s015,486.36,860.0,1824.0,4617.09
AncientThought_s016,479.68,843.36,1820.41,4752.06
AncientThought_s017,550.02,980.01,2089.23,5316.48
AncientThought_s018,784.57,1420.07,3297.42,8900.96
AncientThought_s019,302.41,670.94,1876.91,5515.16
AncientThought_s020,376.54,864.72,2525.89,7662.95
AncientThought_s021,494.73,1174.27,4055.04,12228.8
AncientThought_s022,309.17,947.87,4497.88,15134.96
AncientThought_s023,444.29,865.27,2310.65,6937.63
AncientThought_s024,578.07,1006.03,2038.38,4979.93
AncientThought_s025,759.43,1376.66,2750.76,6355.35
AncientThought_s026,563.25,1054.94,2249.8,5423.38
AncientThought_s027,122.53,224.2,626.78,1888.01
AncientThought_s028,241.99,390.73,881.68,2404.26
AncientThought_s029,152.14,277.29,832.95,2904.14
AncientThought_s030,245.03,335.89,469.46,663.82
AncientThought_s031,308.76,410.92,530.03,652.29
AncientThought_s032,600.88,968.52,1559.83,2452.24
AncientThought_s033,466.97,636.97,838.94,1072.0
AncientThought_s034,427.95,673.98,1048.3,1595.2
AncientThought_s035,256.65,379.16,562.16,821.36
AncientThought_s036,116.05,146.59,185.19,227.9
Basketball_s000,1840.39,3073.05,5630.11,15527.98
Basketball_s001,1420.41,2437.46,4645.85,14077.17
Beauty_s000,2505.83,9868.9,72253.8,220753.14
Bosohorus_s000,3267.63,6723.94,14126.43,33878.86
BundNightScape_s000,2195.6,3940.01,7666.25,21026.49
BundNightScape_s001,2121.8,3795.41,7349.64,20177.91
Bunny_s000,1398.93,2657.44,5146.45,9893.75
Bunny_s001,1599.39,2988.28,5708.27,10901.44
Busy_City_s000,1537.36,2528.53,4347.94,7708.27
Busy_City_s001,2099.16,3710.67,6629.86,12143.65
Busy_City_s002,1786.4,3189.85,5726.35,10519.26
Busy_City_s003,803.06,1370.92,2403.46,4426.79
Busy_City_s004,813.41,1441.94,2601.08,4852.9
Busy_City_s005,1168.78,2042.03,3597.93,6484.96
Busy_City_s006,1150.3,1990.93,3428.86,5989.01
Busy_City_s007,880.39,1409.18,2353.0,4138.47
Busy_City_s008,1167.96,1960.52,3350.82,5923.73
Busy_City_s009,1071.31,1824.11,3150.14,5657.99
Busy_City_s010,878.68,1476.81,2490.94,4373.21
Busy_City_s011,861.61,1452.5,2441.43,4288.77
Busy_City_s012,1095.07,1932.23,3510.26,6705.44
Busy_City_s013,1076.55,1939.41,3636.52,7316.83
Busy_City_s014,1955.2,3523.95,6399.65,11876.32
Busy_City_s015,1820.18,3213.4,5756.41,10563.29
Busy_City_s016,1776.52,3085.36,5522.66,10229.8
Busy_City_s017,753.17,1218.49,2073.22,3796.91
Busy_City_s018,1457.21,2645.08,4999.09,9873.51
Busy_City_s019,1585.19,3001.62,5915.12,12268.02
Busy_City_s020,2156.75,3806.18,6956.87,13327.0
Busy_City_s021,1856.98,3441.16,6560.27,12917.05
Busy_City_s022,763.74,1536.69,3074.71,6126.76
Busy_City_s023,956.03,1728.57,3169.96,5938.56
Busy_City_s024,756.63,1286.13,2205.04,3883.06
CampfireParty_s000,10734.96,19161.5,48184.99,140025.63
CampfireParty_s001,9202.22,16510.89,43143.41,132346.34
Characters_s000,923.21,1607.58,3414.21,8279.98
Characters_s001,866.13,1576.84,3388.47,9058.66
Childs_Play_s000,1778.91,3046.82,5376.95,10683.91
Childs_Play_s001,1461.26,2630.23,4755.59,8987.18
Childs_Play_s002,1035.57,1860.88,3378.22,6399.63
Childs_Play_s003,1542.91,2692.94,4769.78,9033.01
Childs_Play_s004,505.21,976.47,1879.6,3616.93
Childs_Play_s005,744.6,1336.91,2432.6,4449.76
Childs_Play_s006,822.27,1656.9,3422.27,7277.86
Childs_Play_s007,923.9,1802.78,3535.28,7133.1
Childs_Play_s008,610.18,1098.34,2032.04,4008.36
Childs_Play_s009,1050.88,1829.55,3273.76,6145.29
Childs_Play_s010,1421.46,2333.71,3891.03,6757.83
Childs_Play_s011,1167.72,1967.44,3381.28,6075.16
Childs_Play_s012,588.64,1017.88,1858.88,3573.16
Childs_Play_s013,925.2,1640.44,2971.04,5478.42
Childs_Play_s014,1476.81,2563.51,4372.48,7530.04
Childs_Play_s015,1184.64,2109.06,3677.04,6504.7
Childs_Play_s016,1141.22,2230.66,4301.81,8256.52
Childs_Play_s017,922.96,1947.85,3870.44,7341.85
Childs_Play_s018,865.9,1860.68,3737.26,7131.97
CityAlley_s000,612.53,1126.16,2866.26,21330.53
CityAlley_s001,606.81,1115.91,2849.84,21128.59
ConstructionField_s000,1190.54,2254.73,6775.06,58679.12
ConstructionField_s001,1248.71,2353.99,6923.17,58516.63
Construction_s000,1419.0,2680.07,6132.94,17295.17
Construction_s001,1510.04,2837.32,6395.57,18001.18
Crowd_s000,3096.4,5485.62,9884.05,18962.85
Crowd_s001,2839.29,5013.73,9021.73,17480.53
Dolls_s000,1914.23,3790.4,8060.54,22685.7
Dolls_s001,2677.48,5090.84,10035.38,24422.55
Eldorado_s000,6703.42,10041.21,15370.15,24629.98
Eldorado_s001,1657.9,3171.76,6402.33,14752.14
Eldorado_s002,1601.1,3235.62,6883.57,18496.06
Eldorado_s003,2873.45,6726.4,19863.37,54110.92
Eldorado_s004,4076.32,11396.98,38068.74,98049.41
Eldorado_s005,4095.6,7581.17,24555.79,81071.92
Eldorado_s006,3182.01,5742.46,18915.09,65385.54
Eldorado_s007,1741.87,3092.24,6402.52,20578.71
Eldorado_s008,2141.73,3779.23,8009.83,26220.77
Eldorado_s009,2556.61,4336.45,8593.76,25427.86
Eldorado_s010,5327.69,12270.04,29763.65,69272.64
Eldorado_s011,10255.9,21743.15,47503.81,101058.42
Eldorado_s012,11441.69,22947.14,45544.8,88042.69
Eldorado_s013,7812.3,13758.56,24478.82,45286.4
Eldorado_s014,8717.91,16666.2,31746.96,61101.11
Eldorado_s015,8003.77,16550.3,32705.56,62596.88
Eldorado_s016,7787.05,16198.95,32217.47,61699.0
Eldorado_s017,5524.34,13086.16,30761.67,66590.24
Eldorado_s018,3301.09,7732.1,18845.95,49405.02
Eldorado_s019,1022.55,2307.02,7321.51,30679.46
Eldorado_s020,1326.27,2450.13,5290.04,14837.31
Eldorado_s021,1126.17,2163.69,4618.53,12014.21
Eldorado_s022,982.17,1893.74,4030.66,10798.22
Eldorado_s023,1851.98,3824.94,9394.14,27738.62
Eldorado_s024,3268.06,7491.27,19189.86,53427.02
Eldorado_s025,7786.98,16735.82,36358.34,79904.16
Eldorado_s026,5643.39,12067.79,27744.92,66701.81
Eldorado_s027,4287.54,9265.92,21664.42,55261.85
Eldorado_s028,4528.59,9814.92,22983.21,57642.12
Eldorado_s029,3972.13,9595.94,26202.41,65413.08
Eldorado_s030,4311.06,10147.72,28223.86,73271.46
Eldorado_s031,4065.68,9351.69,26538.69,72256.21
Eldorado_s032,4057.62,9573.75,27945.36,77289.91
Eldorado_s033,3303.16,7597.09,21485.08,59572.18
Eldorado_s034,332.76,482.79,687.04,994.43
Eldorado_s035,244.27,333.5,438.77,566.5
FlowerFocus_s000,431.98,1077.94,7588.14,68927.91
FlowerFocus_s001,743.96,1443.14,6512.75,59003.26
FlowerKids_s000,3411.63,6304.95,12291.67,32892.82
FlowerKids_s001,3703.23,6776.54,13010.15,34484.39
Flowers_s000,2193.78,3732.58,6572.73,13248.49
Flowers_s001,2901.53,4694.69,7863.62,14902.36
Fountains_s000,13366.94,28313.64,55690.32,105469.49
Fountains_s001,13206.27,27953.53,54941.2,104131.91
Fun_on_the_river_s000,2435.05,4701.12,8589.45,15343.38
Fun_on_the_river_s001,7122.48,13422.46,23849.42,40857.26
Fun_on_the_river_s002,5115.8,9816.5,17683.29,30690.8
Fun_on_the_river_s003,5101.52,9786.49,17595.27,30398.91
Fun_on_the_river_s004,7359.98,13734.72,23915.8,40336.04
Fun_on_the_river_s005,9126.69,16785.76,28937.73,48585.27
Fun_on_the_river_s006,9605.77,17600.53,30399.45,51306.14
Fun_on_the_river_s007,6844.65,12841.34,22769.91,39330.64
Fun_on_the_river_s008,6688.79,12699.56,22601.34,38885.23
Fun_on_the_river_s009,6901.69,12832.88,22598.39,38410.81
Fun_on_the_river_s010,7972.1,14372.45,24672.92,40890.92
Fun_on_the_river_s011,8159.79,15292.68,27030.44,46154.19
Fun_on_the_river_s012,5763.11,11521.71,21363.06,38219.72
Fun_on_the_river_s013,5978.72,11814.62,21812.73,38932.42
Fun_on_the_river_s014,7713.46,14197.69,24828.3,42029.25
Fun_on_the_river_s015,6915.6,13023.8,23194.78,39807.41
Fun_on_the_river_s016,13418.57,23227.67,38725.3,63790.61
Fun_on_the_river_s017,9298.26,16007.11,26395.35,43274.03
Fun_on_the_river_s018,6100.33,11270.87,19858.71,33918.13
Fun_on_the_river_s019,6273.22,11556.41,20305.9,34476.66
Fun_on_the_river_s020,7422.69,13483.37,23377.52,39311.02
Fun_on_the_river_s021,3949.57,7750.5,14377.1,25628.44
Fun_on_the_river_s022,3010.03,6159.43,11761.37,21495.21
Fun_on_the_river_s023,5416.36,10538.67,19233.22,33637.36
Fun_on_the_river_s024,8011.27,15153.26,26854.27,45647.12
Fun_on_the_river_s025,7096.53,13551.71,24247.01,41625.99
Fun_on_the_river_s026,6969.61,13137.67,23335.16,40211.39
Fun_on_the_river_s027,6909.72,13097.69,23318.23,40240.78
Fun_on_the_river_s028,6455.61,12331.98,22023.13,37859.82
HoneyBee_s000,737.97,1565.03,10530.39,86482.08
Indoor_Soccer_s000,1795.89,4565.03,14776.35,41046.85
Indoor_Soccer_s001,1619.91,4909.69,16281.57,42751.49
Indoor_Soccer_s002,2896.9,8040.57,29215.92,75826.02
Indoor_Soccer_s003,3499.82,6796.34,19186.72,54978.42
Indoor_Soccer_s004,1989.89,3932.05,11656.76,38804.21
Indoor_Soccer_s005,1953.97,3645.01,8868.25,27201.65
Indoor_Soccer_s006,1999.22,3614.47,8268.47,25210.06
Indoor_Soccer_s007,3194.2,6058.24,14223.31,38818.61
Indoor_Soccer_s008,3154.68,6089.56,15452.48,41829.66
Indoor_Soccer_s009,1947.49,3697.62,9630.76,29285.39
Indoor_Soccer_s010,2359.09,7938.98,28169.15,75302.43
Indoor_Soccer_s011,2118.42,4939.04,17254.27,51269.65
Indoor_Soccer_s012,822.36,1585.56,3487.1,9770.54
Indoor_Soccer_s013,2643.92,6077.89,19468.17,55039.85
Indoor_Soccer_s014,5043.43,10411.96,26943.51,69079.14
Indoor_Soccer_s015,3841.99,10271.25,32333.51,83335.24
Indoor_Soccer_s016,2667.24,8572.36,30050.48,80222.62
Indoor_Soccer_s017,3690.95,14959.99,46707.86,109410.21
Indoor_Soccer_s018,3991.13,9231.53,28496.72,75203.82
Indoor_Soccer_s019,2984.66,9328.15,32962.99,84984.16
Indoor_Soccer_s020,2767.53,10891.55,39195.73,98175.63
Indoor_Soccer_s021,2381.05,10024.81,36595.59,92628.0
Indoor_Soccer_s022,1990.99,9365.41,37162.25,92440.03
Indoor_Soccer_s023,3394.26,7637.7,20627.23,55416.39
Indoor_Soccer_s024,2143.49,4534.81,13708.57,44597.25
Indoor_Soccer_s025,3438.78,10728.7,32184.62,80488.99
Indoor_Soccer_s026,3870.15,15447.04,47905.95,107853.2
Indoor_Soccer_s027,3469.45,15004.95,48144.8,109668.38
Indoor_Soccer_s028,3915.1,15901.59,49556.85,111651.53
Indoor_Soccer_s029,3409.89,14712.56,46653.03,106091.87
Indoor_Soccer_s030,3350.86,14741.09,46923.11,106706.65
Indoor_Soccer_s031,3607.77,11859.49,38901.06,94379.93
Indoor_Soccer_s032,2646.83,7185.05,25903.23,73621.26
Indoor_Soccer_s033,3713.28,9433.01,30911.48,82052.07
Indoor_Soccer_s034,2288.83,4555.58,12428.3,38370.93
Indoor_Soccer_s035,4613.73,11705.82,32352.08,79648.95
Indoor_Soccer_s036,3877.71,14728.83,47285.23,108274.37
Indoor_Soccer_s037,3575.2,14852.41,48034.93,109748.29
Indoor_Soccer_s038,3072.26,14303.12,47442.17,110099.91
Indoor_Soccer_s039,3200.17,14822.93,48560.38,113179.9
Indoor_Soccer_s040,2638.87,13038.48,44544.32,107591.9
Indoor_Soccer_s041,4455.77,16319.21,50289.21,113038.19
Indoor_Soccer_s042,2657.52,7565.98,27057.1,74567.4
Indoor_Soccer_s043,1050.95,3645.53,18951.11,66601.65
Indoor_Soccer_s044,635.5,1455.37,4934.48,17630.02
Indoor_Soccer_s045,518.95,700.03,898.01,1104.52
Indoor_Soccer_s046,775.51,1195.78,1808.14,2676.71
Indoor_Soccer_s047,347.28,469.67,608.75,763.67
Indoor_Soccer_s048,264.64,367.45,495.2,670.18
Indoor_Soccer_s049,109.37,141.14,182.21,230.43
Jockey_s000,3540.41,6142.19,15918.46,81549.17
Lake_s000,11765.25,22598.5,41027.56,73866.93
Lake_s001,11779.02,22688.82,41190.98,74099.16
Library_s000,1205.28,2267.6,5202.69,25666.41
Library_s001,1472.64,2718.44,5994.71,26014.99
Lifting_Off_s000,937.56,1795.32,3931.2,13198.8
Lifting_Off_s001,2247.48,4110.54,7946.01,18267.09
Lifting_Off_s002,4375.01,7442.48,13176.68,26280.11
Lifting_Off_s003,5549.46,9242.13,15971.07,30283.72
Lifting_Off_s004,3550.98,6759.04,13007.87,26873.09
Lifting_Off_s005,3804.07,7573.93,15311.03,33331.61
Lifting_Off_s006,815.28,1447.79,2808.25,6627.36
Lifting_Off_s007,951.29,1700.87,3320.14,8187.87
Lifting_Off_s008,2019.16,3660.86,7186.94,18008.46
Lifting_Off_s009,1993.76,3609.79,7104.52,17889.54
Lifting_Off_s010,2384.38,4289.51,8319.9,19867.68
Lifting_Off_s011,3008.31,5282.15,9767.9,20947.52
Lifting_Off_s012,2914.74,5118.2,9486.75,20560.41
Lifting_Off_s013,2722.01,4799.02,9140.46,21049.45
Lifting_Off_s014,1713.46,3073.66,6516.99,19071.9
Lifting_Off_s015,1530.01,2768.12,6028.48,18462.52
Lifting_Off_s016,1380.52,2565.81,5387.49,14690.76
Lifting_Off_s017,1340.92,2525.92,5343.93,13817.41
Lifting_Off_s018,1141.28,2122.12,4690.07,12345.66
Lifting_Off_s019,1144.97,2140.37,4594.06,11847.26
Lifting_Off_s020,1023.57,1920.62,4143.96,11258.44
Lifting_Off_s021,981.9,1815.2,3811.65,11090.02
Lifting_Off_s022,1003.78,1872.8,3942.12,11243.99
Lifting_Off_s023,1318.18,2404.31,4748.07,11822.25
Lifting_Off_s024,1052.29,1920.53,3868.85,10410.02
Lifting_Off_s025,1056.45,1933.07,3917.56,10588.96
Lifting_Off_s026,1209.53,2223.89,4600.98,12453.74
Lifting_Off_s027,1314.31,2472.31,5814.42,17849.51
Lifting_Off_s028,1307.62,2456.04,5748.33,17630.14
Lifting_Off_s029,1283.27,2408.32,5647.97,17434.61
Lifting_Off_s030,1278.02,2389.89,5587.23,17277.51
Lifting_Off_s031,2005.83,4103.69,11054.01,32708.1
Lifting_Off_s032,2281.28,4910.72,14402.55,43510.77
Lifting_Off_s033,2125.54,4602.49,13990.45,43273.07
Lifting_Off_s034,1579.91,3278.74,8924.93,32196.11
Lifting_Off_s035,1162.9,2333.46,5864.1,26335.04
Lifting_Off_s036,1130.99,2275.08,5818.24,26533.01
Lifting_Off_s037,482.52,844.23,1583.2,4283.25
Lifting_Off_s038,322.35,443.5,580.25,747.4
Lifting_Off_s039,112.39,144.51,185.78,230.63
Maples_s000,12801.2,23180.66,41422.22,75687.36
Maples_s001,11035.19,21020.99,39245.27,74555.08
Marathon_s000,9499.49,18428.82,46352.76,185880.99
Marathon_s001,9212.28,18025.65,46485.12,187791.71
Nature_in_the_city_s000,1106.18,2384.18,4887.45,9821.82
Nature_in_the_city_s001,2449.21,4864.48,9164.12,16879.62
Nature_in_the_city_s002,955.64,1739.52,3178.62,5962.57
Nature_in_the_city_s003,1123.33,2021.26,3785.2,7901.04
Nature_in_the_city_s004,1026.34,1798.27,3284.98,6715.39
Nature_in_the_city_s005,870.38,1500.53,2679.42,5079.46
Nature_in_the_city_s006,1518.11,2763.94,5030.91,9431.02
Nature_in_the_city_s007,2425.1,4170.31,7914.67,19775.88
Nature_in_the_city_s008,2635.32,4539.83,8476.79,20417.43
Nature_in_the_city_s009,1868.77,3529.91,6698.81,13531.59
Nature_in_the_city_s010,1361.78,2604.12,4847.22,9148.79
Nature_in_the_city_s011,1389.25,2530.85,4458.0,8017.82
Nature_in_the_city_s012,1354.69,2557.89,4698.9,8816.67
Nature_in_the_city_s013,1098.47,1989.01,3486.02,6288.59
Nature_in_the_city_s014,1774.13,3396.56,6326.89,12022.01
Nature_in_the_city_s015,1763.98,3304.11,5980.54,11018.39
Nature_in_the_city_s016,1301.35,2452.96,4532.61,8661.62
Nature_in_the_city_s017,385.13,699.69,1281.48,2563.84
Nature_in_the_city_s018,833.28,1638.84,3176.43,6202.42
Nature_in_the_city_s019,1808.06,3768.27,7415.76,14132.18
Nature_in_the_city_s020,1913.21,3991.27,7885.77,15123.55
Nature_in_the_city_s021,2172.37,4395.36,8666.33,16853.89
Nature_in_the_city_s022,1973.02,3792.29,7351.71,15241.66
Nature_in_the_city_s023,1201.36,2137.8,3997.2,8728.53
Nature_in_the_city_s024,352.75,589.2,1054.0,2019.72
Nature_in_the_city_s025,592.41,972.99,1718.96,3251.94
Nature_in_the_city_s026,528.53,885.72,1576.94,2956.93
Nature_in_the_city_s027,626.27,1061.53,1922.49,3686.99
Nature_in_the_city_s028,748.52,1507.43,3069.09,6206.5
Park_s000,6691.19,12251.92,21619.48,38046.27
Park_s001,5430.29,10197.43,18397.94,33070.26
RaceNight_s000,4252.55,7560.43,21001.19,150069.87
RaceNight_s001,5025.44,8735.59,26373.68,163132.21
ReadySetGo_s000,6657.27,11489.04,20868.83,47685.95
ResidentialBuilding_s000,2117.7,4067.21,9327.94,40583.38
ResidentialBuilding_s001,2116.24,4052.67,9360.93,39217.61
RiverBank_s000,6837.71,15016.13,32383.55,85078.8
RiverBank_s001,7263.52,15488.56,32562.67,85689.88
Runners_s000,7234.43,14717.07,37529.63,144952.47
Runners_s001,7675.72,15542.85,38826.04,144934.51
RushHour_s000,3959.87,6917.34,12770.92,33447.59
RushHour_s001,4057.37,7164.98,13341.95,34718.69
Scarf_s000,2158.55,3986.22,8241.34,28137.88
Secounds_That_Count_s000,1351.19,2355.31,4316.07,9454.16
Secounds_That_Count_s001,1818.49,3229.4,6016.62,12159.8
Secounds_That_Count_s002,276.91,436.46,735.34,1341.72
Secounds_That_Count_s003,218.53,303.79,426.12,582.7
Secounds_That_Count_s004,212.63,287.15,391.1,520.02
Secounds_That_Count_s005,423.52,750.38,1446.49,3738.11
Secounds_That_Count_s006,1015.22,1847.76,3509.35,7506.49
Secounds_That_Count_s007,1285.13,2209.65,4043.56,8758.18
Secounds_That_Count_s008,1573.11,2773.68,5111.94,10210.48
Secounds_That_Count_s009,1592.57,2843.45,5360.64,11463.26
Secounds_That_Count_s010,1690.13,3415.23,6958.48,14722.25
Secounds_That_Count_s011,1133.89,2062.42,3984.84,8328.17
Secounds_That_Count_s012,1353.11,2331.45,4185.42,9238.04
Secounds_That_Count_s013,1476.95,2728.93,5262.97,11457.2
Secounds_That_Count_s014,1017.66,1783.1,3319.25,7897.86
Secounds_That_Count_s015,1509.18,2707.51,5064.43,10320.43
Secounds_That_Count_s016,1558.04,2776.54,5147.55,10357.05
Secounds_That_Count_s017,1183.38,2070.04,3777.46,8015.1
Secounds_That_Count_s018,1318.18,2393.34,4602.64,10064.21
Secounds_That_Count_s019,1314.83,2330.9,4444.01,10073.51
Secounds_That_Count_s020,1088.22,1900.58,3402.04,6636.51
Secounds_That_Count_s021,921.3,1583.83,2779.01,5156.52
Secounds_That_Count_s022,2748.38,5235.38,10492.43,23895.03
Secounds_That_Count_s023,1473.88,2734.95,5584.22,13435.88
Secounds_That_Count_s024,1653.82,3009.14,5877.3,12904.79
Secounds_That_Count_s025,1790.16,3212.5,6193.04,14288.48
Secounds_That_Count_s026,1266.5,2318.6,4950.62,13435.6
Secounds_That_Count_s027,1392.61,2647.94,5195.3,11447.86
Secounds_That_Count_s028,1502.92,2586.32,4637.81,9720.05
Secounds_That_Count_s029,2528.83,4333.94,7629.98,14590.4
Secounds_That_Count_s030,1068.36,1990.95,3990.03,9134.91
Secounds_That_Count_s031,1337.32,2437.93,4787.82,11018.44
Secounds_That_Count_s032,928.54,1604.76,3268.34,9353.71
Secounds_That_Count_s033,889.77,1557.19,2867.85,6090.72
Secounds_That_Count_s034,795.36,1400.01,2519.98,4633.59
Secounds_That_Count_s035,220.69,365.47,604.63,1055.76
Secounds_That_Count_s036,177.97,249.28,352.66,487.9
Secounds_That_Count_s037,1896.35,3295.36,5987.64,12196.86
Secounds_That_Count_s038,2870.04,5528.13,10830.75,22584.81
Secounds_That_Count_s039,1980.67,3801.62,7393.35,15553.94
Secounds_That_Count_s040,1129.29,1989.2,3644.62,8265.14
Secounds_That_Count_s041,1079.15,1885.44,3480.48,7615.44
Secounds_That_Count_s042,2103.41,3653.25,6591.19,13019.57
Secounds_That_Count_s043,1698.47,3015.81,5574.69,11627.49
Secounds_That_Count_s044,942.87,1703.82,3296.01,8451.56
Secounds_That_Count_s045,924.36,1621.5,2839.23,6629.19
Secounds_That_Count_s046,1130.37,2102.58,3863.19,7333.4
Secounds_That_Count_s047,2108.88,3777.67,6669.78,11931.06
Secounds_That_Count_s048,375.67,687.24,1270.03,2448.62
Secounds_That_Count_s049,120.37,168.21,241.06,320.98
Secounds_That_Count_s050,189.81,283.66,439.65,712.46
Secounds_That_Count_s051,1583.47,2929.17,5883.69,14077.48
Secounds_That_Count_s052,1298.85,2368.22,5105.59,14253.39
Secounds_That_Count_s053,1364.57,2487.63,5862.95,17836.79
Secounds_That_Count_s054,239.53,389.29,647.44,1165.79
Secounds_That_Count_s055,133.76,182.41,256.26,367.83
Secounds_That_Count_s056,353.12,470.08,600.81,733.39
Secounds_That_Count_s057,353.12,470.08,600.81,733.39
Secounds_That_Count_s058,686.13,1062.43,1620.58,2408.06
Secounds_That_Count_s059,464.54,623.38,796.69,978.76
Secounds_That_Count_s060,667.34,1024.28,1542.68,2289.29
Secounds_That_Count_s061,313.69,421.95,547.75,682.98
Secounds_That_Count_s062,298.38,406.84,538.54,699.73
Secounds_That_Count_s063,107.57,138.41,179.77,231.82
Skateboarding_s000,394.37,805.01,1773.56,4557.64
Skateboarding_s001,873.68,1742.1,3830.67,11496.26
Skateboarding_s002,1488.82,3175.73,8299.53,25559.38
Skateboarding_s003,3286.12,9629.66,29479.83,95091.05
Skateboarding_s004,1264.31,2611.04,6166.2,16989.69
Skateboarding_s005,1074.01,2148.52,4696.99,11838.46
Skateboarding_s006,1132.97,1939.2,3582.95,6269.68
Skateboarding_s007,1688.9,4814.55,19031.71,65780.42
Skateboarding_s008,1739.56,5337.21,25382.17,91779.6
Skateboarding_s009,1855.57,6764.69,41559.51,152451.83
Skateboarding_s010,3659.86,17083.19,68391.62,187235.58
Skateboarding_s011,2167.93,7040.21,33480.87,120635.12
Skateboarding_s012,1859.12,7975.98,43862.31,145679.35
Skateboarding_s013,4171.25,10247.63,41680.42,132301.89
Skateboarding_s014,3482.2,10546.36,51390.65,159205.19
Skateboarding_s015,3831.75,10934.41,49505.71,159533.18
Skateboarding_s016,4980.82,11509.17,40830.32,128089.72
Skateboarding_s017,675.48,1269.72,3158.5,13574.8
Skateboarding_s018,926.19,1680.98,3908.36,15836.09
Skateboarding_s019,1518.21,2900.77,7132.12,27512.82
Skateboarding_s020,1577.49,2990.01,6398.06,18971.74
Skateboarding_s021,2243.1,4839.84,11284.87,28633.31
Skateboarding_s022,6654.66,11273.39,20042.67,39676.98
Skateboarding_s023,1131.84,2132.8,4643.67,14202.19
Skateboarding_s024,1789.77,3274.81,6619.82,17954.98
Skateboarding_s025,3806.67,6549.05,11852.38,26185.83
Skateboarding_s026,1516.15,2880.42,6062.47,17676.6
Skateboarding_s027,3122.66,5475.35,10172.1,23740.27
Skateboarding_s028,3706.16,6529.58,12059.77,26993.71
Skateboarding_s029,1593.89,3066.05,6250.47,15670.32
Skateboarding_s030,4559.05,9408.03,19009.31,39058.32
Skateboarding_s031,3764.23,7571.94,15405.09,32480.59
Skateboarding_s032,1728.39,3097.61,6261.44,18630.07
Skateboarding_s033,1726.23,2976.24,5579.62,17517.21
Skateboarding_s034,1682.58,2937.35,5397.6,13696.84
Skateboarding_s035,1626.77,2904.87,5428.7,13557.87
Skateboarding_s036,1654.73,2917.68,5532.78,14755.56
Skateboarding_s037,1146.2,2052.27,4209.42,14292.94
Skateboarding_s038,1150.02,2124.71,4644.27,16758.47
Skateboarding_s039,1273.68,2240.64,4895.58,18695.14
Skateboarding_s040,1764.7,3090.55,5955.24,17074.67
Skateboarding_s041,1894.39,3345.98,6572.27,19858.56
Skateboarding_s042,1968.43,3311.97,6068.92,18997.2
Skateboarding_s043,2582.77,4831.75,11158.89,36689.81
Skateboarding_s044,664.11,1240.59,2549.84,6828.17
Skateboarding_s045,482.2,897.61,1960.87,5609.46
Skateboarding_s046,542.68,994.03,2104.28,5829.56
Skateboarding_s047,439.05,825.48,1878.37,5472.15
Skateboarding_s048,300.77,551.31,1124.59,3295.61
Skateboarding_s049,239.34,425.19,800.04,2208.11
Skateboarding_s050,411.08,556.61,720.02,905.09
Skateboarding_s051,365.64,501.25,668.58,883.3
Skateboarding_s052,254.82,343.37,446.73,558.91
Skateboarding_s053,199.85,270.24,359.96,482.95
Skateboarding_s054,113.11,145.62,186.98,232.62
TallBuildings_s000,2670.88,5551.67,13283.58,42426.91
TallBuildings_s001,2746.35,5663.72,13339.25,41874.14
TrafficAndBuilding_s000,1998.04,4020.9,9254.8,29995.04
TrafficAndBuilding_s001,1970.97,4022.46,9345.0,30039.78
TrafficFlow_s000,1544.46,3194.28,8761.22,52172.76
TrafficFlow_s001,1397.74,2905.5,8164.39,51091.14
TreeShade_s000,4520.8,9799.2,21425.85,54896.34
TreeShade_s001,4542.4,9867.96,21344.74,53993.5
Unspoken_Friend_s000,1051.99,2220.05,4622.56,9779.31
Unspoken_Friend_s001,2716.45,5999.78,12358.21,24744.01
Unspoken_Friend_s002,1683.06,3129.86,8248.8,28496.45
Unspoken_Friend_s003,2902.94,6002.37,14542.97,41013.02
Unspoken_Friend_s004,1496.96,3096.91,7313.3,20892.54
Unspoken_Friend_s005,716.36,1285.33,2788.88,8862.35
Unspoken_Friend_s006,1948.08,3725.77,8643.74,22171.34
Unspoken_Friend_s007,1052.62,2027.92,5103.52,15721.85
Unspoken_Friend_s008,4382.92,8905.86,19188.49,43809.83
Unspoken_Friend_s009,3243.38,6546.96,13481.47,29387.08
Unspoken_Friend_s010,1772.48,3822.17,8397.71,20122.65
Unspoken_Friend_s011,1448.65,2606.48,4889.6,10251.89
Unspoken_Friend_s012,1136.31,2061.17,3923.04,8526.65
Unspoken_Friend_s013,4160.87,7589.4,13826.76,26328.54
Unspoken_Friend_s014,1724.73,3123.14,6328.49,15869.01
Unspoken_Friend_s015,2011.07,3610.46,6984.61,15173.34
Unspoken_Friend_s016,1676.95,3064.56,6145.76,13409.23
Unspoken_Friend_s017,1717.51,3173.46,6365.75,14253.97
Unspoken_Friend_s018,2012.25,3816.74,8005.93,19812.3
Unspoken_Friend_s019,1414.59,2738.56,5891.54,14834.49
Unspoken_Friend_s020,2111.21,3987.14,8288.78,20212.82
Unspoken_Friend_s021,2197.01,3934.19,7607.39,16403.24
Unspoken_Friend_s022,2085.23,3766.59,7289.99,15705.69
Unspoken_Friend_s023,1820.47,3473.38,7066.1,16084.67
Unspoken_Friend_s024,1822.26,3682.03,7615.81,16780.59
Unspoken_Friend_s025,2569.22,4955.76,9803.79,20891.44
Unspoken_Friend_s026,1721.51,3418.04,7116.66,16216.56
Unspoken_Friend_s027,2643.29,4946.67,10026.63,23838.99
Unspoken_Friend_s028,2586.1,4679.85,9288.83,22064.92
Unspoken_Friend_s029,2578.47,4702.67,9331.72,22008.0
Unspoken_Friend_s030,2906.45,5558.45,11654.91,28681.0
Unspoken_Friend_s031,3144.37,6334.84,15204.84,41078.65
Unspoken_Friend_s032,3399.67,6723.34,14154.9,33827.21
Unspoken_Friend_s033,4116.39,7749.55,15172.88,33502.91
Unspoken_Friend_s034,2381.95,4224.22,7918.2,18781.46
Unspoken_Friend_s035,1424.52,2672.41,5403.02,13046.44
Unspoken_Friend_s036,1359.79,2580.62,5287.33,12827.53
Unspoken_Friend_s037,1803.03,3481.81,7290.13,17734.19
Unspoken_Friend_s038,1759.46,3421.53,7321.78,18400.76
Unspoken_Friend_s039,2597.55,5597.11,12917.61,31930.63
Unspoken_Friend_s040,3179.23,7050.85,16121.83,38736.9
Unspoken_Friend_s041,2611.59,5837.36,13885.18,33296.28
Unspoken_Friend_s042,2749.37,6122.56,14414.96,34170.04
Unspoken_Friend_s043,2734.07,6134.0,14502.86,34468.1
Unspoken_Friend_s044,4585.75,8760.86,16525.4,32300.54
Unspoken_Friend_s045,1080.95,2021.75,3735.85,7011.41
Unspoken_Friend_s046,403.16,537.46,685.05,839.34
Unspoken_Friend_s047,628.39,975.89,1473.79,2186.58
Unspoken_Friend_s048,326.62,440.52,567.32,708.84
Unspoken_Friend_s049,314.64,429.62,562.33,724.81
Unspoken_Friend_s050,107.78,138.38,180.31,234.77
Wood_s000,5287.24,10812.37,24709.01,74755.88
Wood_s001,5446.17,10663.67,22682.39,65671.25
YachtRide_s000,9636.96,17382.37,30943.63,58568.08
